ID,Instagram_Usage,LinkedIn_Usage,Snapchat_Usage,Twitter_Usage,Whatsapp_Usage,Youtube_Usage,OTT,Reddit,Trouble_falling_asleep ,Mood Productivity,Tired_waking_up_in_morning
masinl,3.5,4,1,5,1,2.5,14.5,2.5,0,1,0
peace,7.44,5.12,3.41,12,4.11,4.15,12,12,1,1,0
Patty,3.46,7,12.32,0,9.5,1.51,2,0,0,1,0
Bunny,5.23,5.19,1.18,0,5.18,2,2,0,0,1,0
tl868,0,12.35,0,12.4,3,3.3,2,1,1,1,1
drphy,2.2,7,12.28,0,12,7,3,0,0,1,0
trave,5.22,4,0,0,6,3,0,0,0,1,1
19!@s,7,4,3,0,10,2,3,0,1,1,1
yh2020,8.39,10,3.5,0,6.09,4,3,0,0,1,0
ds2134,12.1,12,0,0,1,3,0,0,0,0,0
ki567,4.35,2.08,12.25,2.25,1,1,12,0,1,1,0
ak2001,3.2,2.3,12.2,2.5,3.4,2.3,1.3,0,0,1,0
Harvey,5.3,1.52,0.62,0,4.02,0.54,0.51,0.01,1,1,1
hahah,6,3,1,1,3.25,2.3,1,0,0,1,0
AKIRA,4.39,3.45,1.25,0,6.3,3.08,1.55,7,0,1,0
vp1234,7,5,12.25,12.16,5,5,1,12.3,1,1,1
sss32,9.48,12.48,0,0,1.21,3.32,1.41,0,0,1,0
MVA37@S,6.48,1.55,1.52,0,6.57,12.48,2.28,0,0,1,1
2134,5.4,3.55,0,0,8.55,5.09,0,0,0,1,0
15801,3.01,3.57,7.19,0,3.21,5.1,10,0,1,1,0
Baiqi,12.2,12.31,0,0,8.23,0,0,0,0,1,1
